<?xml version="1.0" encoding="UTF-8"?>
<project-private xmlns="http://www.netbeans.org/ns/project-private/1">
    <editor-bookmarks xmlns="http://www.netbeans.org/ns/editor-bookmarks/2" lastBookmarkId="0"/>
    <open-files xmlns="http://www.netbeans.org/ns/projectui-open-files/2">
        <group>
            <file>file:/C:/Users/mjaskot/Documents/NetBeansProjects/GuiConcept2/src/guiconcept2/FXMLDocumentController.java</file>
            <file>file:/C:/Users/mjaskot/Documents/NetBeansProjects/GuiConcept2/src/guiconcept2/FXMLDocument.fxml</file>
            <file>file:/C:/Users/mjaskot/Documents/NetBeansProjects/GuiConcept2/src/guiconcept2/SplashFXMLController.java</file>
            <file>file:/C:/Users/mjaskot/Documents/NetBeansProjects/GuiConcept2/src/guiconcept2/GuiConcept2.java</file>
            <file>file:/C:/Users/mjaskot/Documents/NetBeansProjects/GuiConcept2/src/guiconcept2/RegisterFXML.fxml</file>
            <file>file:/C:/Users/mjaskot/Documents/NetBeansProjects/GuiConcept2/src/guiconcept2/RegisterFXMLController.java</file>
            <file>file:/C:/Users/mjaskot/Documents/NetBeansProjects/GuiConcept2/src/guiconcept2/SplashFXML.fxml</file>
            <file>file:/C:/Users/mjaskot/Documents/NetBeansProjects/GuiConcept2/src/guiconcept2/LoginController.java</file>
            <file>file:/C:/Users/mjaskot/Documents/NetBeansProjects/GuiConcept2/src/guiconcept2/LoginFXML.fxml</file>
        </group>
    </open-files>
</project-private>
